[
  {
    "source": "user launch application",
    "steps": [
      {
        "name": "user launch application",
        "aggregatedDurations": {
          "median": 0.511607538,
          "average": 0.506327086
        },
        "durations": [
          {
            "duration": 0.427542184,
            "location": "file:src/test/resources/features/fieldsValidations.feature:6"
          },
          {
            "duration": 0.487760343,
            "location": "file:src/test/resources/features/fieldsValidations.feature:19"
          },
          {
            "duration": 0.515211133,
            "location": "file:src/test/resources/features/fieldsValidations.feature:33"
          },
          {
            "duration": 0.511607538,
            "location": "file:src/test/resources/features/fieldsValidations.feature:52"
          },
          {
            "duration": 0.589514232,
            "location": "file:src/test/resources/features/fieldsValidations.feature:63"
          }
        ]
      }
    ]
  },
  {
    "source": "user accept application permissions {string} {string} {string}",
    "steps": [
      {
        "name": "user accept application permissions \"USD\" \"Let me handle it\" \"Disable crash reports\"",
        "aggregatedDurations": {
          "median": 6.995092512,
          "average": 7.064189527
        },
        "durations": [
          {
            "duration": 7.223381732,
            "location": "file:src/test/resources/features/fieldsValidations.feature:7"
          },
          {
            "duration": 6.995092512,
            "location": "file:src/test/resources/features/fieldsValidations.feature:20"
          },
          {
            "duration": 6.974094336,
            "location": "file:src/test/resources/features/fieldsValidations.feature:34"
          }
        ]
      }
    ]
  },
  {
    "source": "user should see the dash board screen",
    "steps": [
      {
        "name": "user should see the dash board screen",
        "aggregatedDurations": {
          "median": 0.119045517,
          "average": 0.118359886
        },
        "durations": [
          {
            "duration": 0.115793208,
            "location": "file:src/test/resources/features/fieldsValidations.feature:8"
          },
          {
            "duration": 0.119045517,
            "location": "file:src/test/resources/features/fieldsValidations.feature:21"
          },
          {
            "duration": 0.120240933,
            "location": "file:src/test/resources/features/fieldsValidations.feature:35"
          }
        ]
      }
    ]
  },
  {
    "source": "user tap on plus icon to create new account",
    "steps": [
      {
        "name": "user tap on plus icon to create new account",
        "aggregatedDurations": {
          "median": 1.331019266,
          "average": 1.311024681
        },
        "durations": [
          {
            "duration": 1.331019266,
            "location": "file:src/test/resources/features/fieldsValidations.feature:9"
          },
          {
            "duration": 1.423358786,
            "location": "file:src/test/resources/features/fieldsValidations.feature:22"
          },
          {
            "duration": 1.17869599,
            "location": "file:src/test/resources/features/fieldsValidations.feature:36"
          }
        ]
      }
    ]
  },
  {
    "source": "user fills new account name field with {string}",
    "steps": [
      {
        "name": "user fills new account name field with \"dropdownselect\"",
        "aggregatedDurations": {
          "median": 0.060944638,
          "average": 0.060944638
        },
        "durations": [
          {
            "duration": 0.060944638,
            "location": "file:src/test/resources/features/fieldsValidations.feature:10"
          }
        ]
      },
      {
        "name": "user fills new account name field with \"alphanumeric123\"",
        "aggregatedDurations": {
          "median": 0.039396819,
          "average": 0.039396819
        },
        "durations": [
          {
            "duration": 0.040505601,
            "location": "file:src/test/resources/features/fieldsValidations.feature:23"
          },
          {
            "duration": 0.038288036,
            "location": "file:src/test/resources/features/fieldsValidations.feature:37"
          }
        ]
      }
    ]
  },
  {
    "source": "user selects the {string} from the drop down",
    "steps": [
      {
        "name": "user selects the \"USD - US Dollar\" from the drop down",
        "aggregatedDurations": {
          "median": 2.536954991,
          "average": 2.536954991
        },
        "durations": [
          {
            "duration": 2.536954991,
            "location": "file:src/test/resources/features/fieldsValidations.feature:11"
          }
        ]
      }
    ]
  },
  {
    "source": "user tap on save button",
    "steps": [
      {
        "name": "user tap on save button",
        "aggregatedDurations": {
          "median": 1.645099204,
          "average": 1.645099204
        },
        "durations": [
          {
            "duration": 1.764072954,
            "location": "file:src/test/resources/features/fieldsValidations.feature:24"
          },
          {
            "duration": 1.526125453,
            "location": "file:src/test/resources/features/fieldsValidations.feature:38"
          }
        ]
      }
    ]
  },
  {
    "source": "user should see the {string} in dash board list",
    "steps": [
      {
        "name": "user should see the \"alphanumeric123\" in dash board list",
        "aggregatedDurations": {
          "median": 0.133317378,
          "average": 0.133317378
        },
        "durations": [
          {
            "duration": 0.181783678,
            "location": "file:src/test/resources/features/fieldsValidations.feature:25"
          },
          {
            "duration": 0.084851078,
            "location": "file:src/test/resources/features/fieldsValidations.feature:39"
          }
        ]
      }
    ]
  },
  {
    "source": "user should select account from the list {string}",
    "steps": [
      {
        "name": "user should select account from the list \"alphanumeric123\"",
        "aggregatedDurations": {
          "median": 0.17500471,
          "average": 0.175004710
        },
        "durations": [
          {
            "duration": 0.17500471,
            "location": "file:src/test/resources/features/fieldsValidations.feature:40"
          }
        ]
      }
    ]
  },
  {
    "source": "user tap on plus icon to create new transaction",
    "steps": [
      {
        "name": "user tap on plus icon to create new transaction",
        "aggregatedDurations": {
          "median": 2.014098888,
          "average": 2.014098888
        },
        "durations": [
          {
            "duration": 2.014098888,
            "location": "file:src/test/resources/features/fieldsValidations.feature:41"
          }
        ]
      }
    ]
  },
  {
    "source": "user fills the {string} field",
    "steps": [
      {
        "name": "user fills the \"500*\" field",
        "aggregatedDurations": {
          "median": 0.543746427,
          "average": 0.543746427
        },
        "durations": [
          {
            "duration": 0.543746427,
            "location": "file:src/test/resources/features/fieldsValidations.feature:42"
          }
        ]
      }
    ]
  },
  {
    "source": "user click on save button in new transaction page",
    "steps": [
      {
        "name": "user click on save button in new transaction page",
        "aggregatedDurations": {
          "median": 0.518631357,
          "average": 0.518631357
        },
        "durations": [
          {
            "duration": 0.518631357,
            "location": "file:src/test/resources/features/fieldsValidations.feature:43"
          }
        ]
      }
    ]
  },
  {
    "source": "user should verify amount field allows only numberic values",
    "steps": [
      {
        "name": "user should verify amount field allows only numberic values",
        "aggregatedDurations": {
          "median": 0.676472562,
          "average": 0.676472562
        },
        "durations": [
          {
            "duration": 0.676472562,
            "location": "file:src/test/resources/features/fieldsValidations.feature:44"
          }
        ]
      }
    ]
  },
  {
    "source": "user validates {string} screen title",
    "steps": [
      {
        "name": "user validates \"Welcome to GnuCash\" screen title",
        "aggregatedDurations": {
          "median": 0.03034938,
          "average": 0.030349380
        },
        "durations": [
          {
            "duration": 0.03034938,
            "location": "file:src/test/resources/features/fieldsValidations.feature:53"
          }
        ]
      },
      {
        "name": "user validates \"Default Currency\" screen title",
        "aggregatedDurations": {
          "median": 0.742637181,
          "average": 0.742637181
        },
        "durations": [
          {
            "duration": 0.742637181,
            "location": "file:src/test/resources/features/fieldsValidations.feature:55"
          }
        ]
      },
      {
        "name": "user validates \"Account Setup\" screen title",
        "aggregatedDurations": {
          "median": 0.757475369,
          "average": 0.757475369
        },
        "durations": [
          {
            "duration": 0.757475369,
            "location": "file:src/test/resources/features/fieldsValidations.feature:57"
          }
        ]
      },
      {
        "name": "user validates \"Feedback Options\" screen title",
        "aggregatedDurations": {
          "median": 0.745955273,
          "average": 0.745955273
        },
        "durations": [
          {
            "duration": 0.745955273,
            "location": "file:src/test/resources/features/fieldsValidations.feature:59"
          }
        ]
      }
    ]
  },
  {
    "source": "user tap on next button",
    "steps": [
      {
        "name": "user tap on next button",
        "aggregatedDurations": {
          "median": 0.047217113,
          "average": 0.047220266
        },
        "durations": [
          {
            "duration": 0.047217113,
            "location": "file:src/test/resources/features/fieldsValidations.feature:54"
          },
          {
            "duration": 0.046570337,
            "location": "file:src/test/resources/features/fieldsValidations.feature:56"
          },
          {
            "duration": 0.047873349,
            "location": "file:src/test/resources/features/fieldsValidations.feature:58"
          }
        ]
      }
    ]
  }
]